电影详情链接,图片链接,影片中文名,影片外国名,评分,评价数,概况,相关信息
https://movie.douban.com/subject/1292052/,https://img3.doubanio.com/view/photo/s_ratio_poster/public/p480747492.jpg,肖申克的救赎,  The Shawshank Redemption,9.7,2978452,希望让人自由,导演: 弗兰克·德拉邦特 Frank Darabont   主演: 蒂姆·罗宾斯 Tim Robbins ...1994  美国  犯罪 剧情
https://movie.douban.com/subject/1291546/,https://img1.doubanio.com/view/photo/s_ratio_poster/public/p2561716440.jpg,霸王别姬, ,9.6,2200723,风华绝代,导演: 陈凯歌 Kaige Chen   主演: 张国荣 Leslie Cheung  张丰毅 Fengyi Zha...1993  中国大陆 中国香港  剧情 爱情 同性
https://movie.douban.com/subject/1292720/,https://img3.doubanio.com/view/photo/s_ratio_poster/public/p2372307693.jpg,阿甘正传,  Forrest Gump,9.5,2219568,一部美国近现代史,导演: 罗伯特·泽米吉斯 Robert Zemeckis   主演: 汤姆·汉克斯 Tom Hanks  ...1994  美国  剧情 爱情
https://movie.douban.com/subject/1292722/,https://img9.doubanio.com/view/photo/s_ratio_poster/public/p457760035.jpg,泰坦尼克号,  Titanic,9.5,2256152,失去的才是永恒的 ,导演: 詹姆斯·卡梅隆 James Cameron   主演: 莱昂纳多·迪卡普里奥 Leonardo...1997  美国 墨西哥  剧情 爱情 灾难
https://movie.douban.com/subject/1295644/,https://img2.doubanio.com/view/photo/s_ratio_poster/public/p511118051.jpg,这个杀手不太冷,  Léon,9.4,2350484,怪蜀黍和小萝莉不得不说的故事,导演: 吕克·贝松 Luc Besson   主演: 让·雷诺 Jean Reno  娜塔莉·波特曼 ...1994  法国 美国  剧情 动作 犯罪
https://movie.douban.com/subject/1291561/,https://img1.doubanio.com/view/photo/s_ratio_poster/public/p2557573348.jpg,千与千寻,  千と千尋の神隠し,9.4,2302759,最好的宫崎骏，最好的久石让 ,导演: 宫崎骏 Hayao Miyazaki   主演: 柊瑠美 Rumi Hîragi  入野自由 Miy...2001  日本  剧情 动画 奇幻
https://movie.douban.com/subject/1292063/,https://img3.doubanio.com/view/photo/s_ratio_poster/public/p2578474613.jpg,美丽人生,  La vita è bella,9.5,1359937,最美的谎言,导演: 罗伯托·贝尼尼 Roberto Benigni   主演: 罗伯托·贝尼尼 Roberto Beni...1997  意大利  剧情 喜剧 爱情 战争
https://movie.douban.com/subject/1889243/,https://img3.doubanio.com/view/photo/s_ratio_poster/public/p2614988097.jpg,星际穿越,  Interstellar,9.4,1914076,爱是一种力量，让我们超越时空感知它的存在,导演: 克里斯托弗·诺兰 Christopher Nolan   主演: 马修·麦康纳 Matthew Mc...2014  美国 英国 加拿大  剧情 科幻 冒险
https://movie.douban.com/subject/3541415/,https://img9.doubanio.com/view/photo/s_ratio_poster/public/p513344864.jpg,盗梦空间,  Inception,9.4,2123055,诺兰给了我们一场无法盗取的梦,导演: 克里斯托弗·诺兰 Christopher Nolan   主演: 莱昂纳多·迪卡普里奥 Le...2010  美国 英国  剧情 科幻 悬疑 冒险
https://movie.douban.com/subject/1295124/,https://img3.doubanio.com/view/photo/s_ratio_poster/public/p492406163.jpg,辛德勒的名单,  Schindler's List,9.5,1148990,拯救一个人，就是拯救整个世界,导演: 史蒂文·斯皮尔伯格 Steven Spielberg   主演: 连姆·尼森 Liam Neeson...1993  美国  剧情 历史 战争
https://movie.douban.com/subject/1292064/,https://img3.doubanio.com/view/photo/s_ratio_poster/public/p479682972.jpg,楚门的世界,  The Truman Show,9.4,1773559,如果再也不能见到你，祝你早安，午安，晚安,导演: 彼得·威尔 Peter Weir   主演: 金·凯瑞 Jim Carrey  劳拉·琳妮 Lau...1998  美国  剧情 科幻
https://movie.douban.com/subject/3011091/,https://img1.doubanio.com/view/photo/s_ratio_poster/public/p2587099240.jpg,忠犬八公的故事,  Hachi: A Dog's Tale,9.4,1429127,永远都不能忘记你所爱的人,导演: 莱塞·霍尔斯道姆 Lasse Hallström   主演: 理查·基尔 Richard Ger...2009  美国 英国  剧情
https://movie.douban.com/subject/1292001/,https://img9.doubanio.com/view/photo/s_ratio_poster/public/p2574551676.jpg,海上钢琴师,  La leggenda del pianista sull'oceano,9.3,1719182,每个人都要走一条自己坚定了的路，就算是粉身碎骨 ,导演: 朱塞佩·托纳多雷 Giuseppe Tornatore   主演: 蒂姆·罗斯 Tim Roth  ...1998  意大利  剧情 音乐
https://movie.douban.com/subject/3793023/,https://img2.doubanio.com/view/photo/s_ratio_poster/public/p579729551.jpg,三傻大闹宝莱坞,  3 Idiots,9.2,1905180,英俊版憨豆，高情商版谢耳朵,导演: 拉库马·希拉尼 Rajkumar Hirani   主演: 阿米尔·汗 Aamir Khan  卡...2009  印度  剧情 喜剧 爱情 歌舞
https://movie.douban.com/subject/1291549/,https://img1.doubanio.com/view/photo/s_ratio_poster/public/p2884280708.jpg,放牛班的春天,  Les choristes,9.3,1348027,天籁一般的童声，是最接近上帝的存在 ,导演: 克里斯托夫·巴拉蒂 Christophe Barratier   主演: 让-巴蒂斯特·莫尼...2004  法国 瑞士 德国  剧情 音乐
https://movie.douban.com/subject/2131459/,https://img2.doubanio.com/view/photo/s_ratio_poster/public/p1461851991.jpg,机器人总动员,  WALL·E,9.3,1351863,小瓦力，大人生,导演: 安德鲁·斯坦顿 Andrew Stanton   主演: 本·贝尔特 Ben Burtt  艾丽...2008  美国  科幻 动画 冒险
https://movie.douban.com/subject/25662329/,https://img1.doubanio.com/view/photo/s_ratio_poster/public/p2614500649.jpg,疯狂动物城,  Zootopia,9.2,2007124,迪士尼给我们营造的乌托邦就是这样，永远善良勇敢，永远出乎意料,导演: 拜伦·霍华德 Byron Howard  瑞奇·摩尔 Rich Moore   主演: 金妮弗·...2016  美国  喜剧 动画 冒险
https://movie.douban.com/subject/1307914/,https://img3.doubanio.com/view/photo/s_ratio_poster/public/p2564556863.jpg,无间道,  無間道,9.3,1407541,香港电影史上永不过时的杰作,导演: 刘伟强  麦兆辉   主演: 刘德华 Andy Lau  梁朝伟 Tony Leung Chiu W...2002  中国香港  剧情 犯罪 惊悚
https://movie.douban.com/subject/1296141/,https://img1.doubanio.com/view/photo/s_ratio_poster/public/p1505392928.jpg,控方证人,  Witness for the Prosecution,9.6,593459,比利·怀德满分作品,导演: 比利·怀尔德 Billy Wilder   主演: 泰隆·鲍华 Tyrone Power  玛琳·...1957  美国  剧情 犯罪 悬疑
https://movie.douban.com/subject/1292213/,https://img9.doubanio.com/view/photo/s_ratio_poster/public/p2455050536.jpg,大话西游之大圣娶亲,  西遊記大結局之仙履奇緣,9.2,1571676,一生所爱,导演: 刘镇伟 Jeffrey Lau   主演: 周星驰 Stephen Chow  吴孟达 Man Tat Ng...1995  中国香港 中国大陆  喜剧 爱情 奇幻 古装
https://movie.douban.com/subject/5912992/,https://img9.doubanio.com/view/photo/s_ratio_poster/public/p1363250216.jpg,熔炉,  도가니,9.4,955398,我们一路奋战不是为了改变世界，而是为了不让世界改变我们,导演: 黄东赫 Dong-hyuk Hwang   主演: 孔侑 Yoo Gong  郑有美 Yu-mi Jung ...2011  韩国  剧情
https://movie.douban.com/subject/1291841/,https://img9.doubanio.com/view/photo/s_ratio_poster/public/p616779645.jpg,教父,  The Godfather,9.3,997232,千万不要记恨你的对手，这样会让你失去理智,导演: 弗朗西斯·福特·科波拉 Francis Ford Coppola   主演: 马龙·白兰度 M...1972  美国  剧情 犯罪
https://movie.douban.com/subject/6786002/,https://img9.doubanio.com/view/photo/s_ratio_poster/public/p1454261925.jpg,触不可及,  Intouchables,9.3,1155157,满满温情的高雅喜剧,导演: 奥利维·那卡什 Olivier Nakache  艾力克·托兰达 Eric Toledano   主...2011  法国  剧情 喜剧
https://movie.douban.com/subject/1849031/,https://img9.doubanio.com/view/photo/s_ratio_poster/public/p2614359276.jpg,当幸福来敲门,  The Pursuit of Happyness,9.2,1557704,平民励志片 ,导演: 加布里尔·穆奇诺 Gabriele Muccino   主演: 威尔·史密斯 Will Smith ...2006  美国  剧情 传记 家庭
https://movie.douban.com/subject/20495023/,https://img3.doubanio.com/view/photo/s_ratio_poster/public/p2461812747.jpg,寻梦环游记,  Coco,9.1,1742880,死亡不是真的逝去，遗忘才是永恒的消亡,导演: 李·昂克里奇 Lee Unkrich  阿德里安·莫利纳 Adrian Molina   主演: ...2017  美国  喜剧 动画 奇幻 音乐
https://movie.douban.com/subject/1293172/,https://img3.doubanio.com/view/photo/s_ratio_poster/public/p452089833.jpg,末代皇帝,  The Last Emperor,9.3,917125,“不要跟我比惨，我比你更惨”再适合这部电影不过了,导演: 贝纳尔多·贝托鲁奇 Bernardo Bertolucci   主演: 尊龙 John Lone  陈...1987  英国 意大利 中国大陆 法国  剧情 传记 历史
https://movie.douban.com/subject/1291560/,https://img9.doubanio.com/view/photo/s_ratio_poster/public/p2540924496.jpg,龙猫,  となりのトトロ,9.2,1298172,人人心中都有个龙猫，童年就永远不会消失,导演: 宫崎骏 Hayao Miyazaki   主演: 日高法子 Noriko Hidaka  坂本千夏 Ch...1988  日本  动画 奇幻 冒险
https://movie.douban.com/subject/3319755/,https://img1.doubanio.com/view/photo/s_ratio_poster/public/p501177648.jpg,怦然心动,  Flipped,9.1,1881314,真正的幸福是来自内心深处,导演: 罗伯·莱纳 Rob Reiner   主演: 玛德琳·卡罗尔 Madeline Carroll  卡...2010  美国  剧情 喜剧 爱情
https://movie.douban.com/subject/1292365/,https://img3.doubanio.com/view/photo/s_ratio_poster/public/p2597919477.jpg,活着, ,9.3,874072,张艺谋最好的电影,导演: 张艺谋 Yimou Zhang   主演: 葛优 You Ge  巩俐 Li Gong  姜武 Wu Jiang1994  中国大陆 中国香港  剧情 历史 家庭
https://movie.douban.com/subject/1295038/,https://img9.doubanio.com/view/photo/s_ratio_poster/public/p2614949805.jpg,哈利·波特与魔法石,  Harry Potter and the Sorcerer's Stone,9.2,1236460,童话世界的开端,导演: Chris Columbus   主演: Daniel Radcliffe  Emma Watson  Rupert Grint2001  美国 英国  奇幻 冒险
https://movie.douban.com/subject/1851857/,https://img3.doubanio.com/view/photo/s_ratio_poster/public/p462657443.jpg,蝙蝠侠：黑暗骑士,  The Dark Knight,9.2,1092190,无尽的黑暗,导演: 克里斯托弗·诺兰 Christopher Nolan   主演: 克里斯蒂安·贝尔 Christ...2008  美国 英国  剧情 动作 科幻 犯罪 惊悚
https://movie.douban.com/subject/1291552/,https://img3.doubanio.com/view/photo/s_ratio_poster/public/p2642829472.jpg,指环王3：王者无敌,  The Lord of the Rings: The Return of the King,9.3,827081,史诗的终章,导演: 彼得·杰克逊 Peter Jackson   主演: 伊利亚·伍德 Elijah Wood  西恩...2003  美国 新西兰  剧情 动作 奇幻 冒险
https://movie.douban.com/subject/26752088/,https://img9.doubanio.com/view/photo/s_ratio_poster/public/p2561305376.jpg,我不是药神, ,9.0,2159396,对我们国家而言，这样的电影多一部是一部,导演: 文牧野 Muye Wen   主演: 徐峥 Zheng Xu  王传君 Chuanjun Wang  周...2018  中国大陆  剧情 喜剧
https://movie.douban.com/subject/1300267/,https://img1.doubanio.com/view/photo/s_ratio_poster/public/p1963126880.jpg,乱世佳人,  Gone with the Wind,9.3,711628,Tomorrow is another day.,导演: 维克多·弗莱明 Victor Fleming  乔治·库克 George Cukor   主演: 费...1939  美国  剧情 历史 爱情 战争
https://movie.douban.com/subject/2129039/,https://img3.doubanio.com/view/photo/s_ratio_poster/public/p2363116942.jpg,飞屋环游记,  Up,9.1,1364560,最后那些最无聊的事情，才是最值得怀念的 ,导演: 彼特·道格特 Pete Docter  鲍勃·彼德森 Bob Peterson   主演: 爱德...2009  美国  剧情 喜剧 动画 冒险
https://movie.douban.com/subject/21937452/,https://img9.doubanio.com/view/photo/s_ratio_poster/public/p2118532944.jpg,素媛,  소원,9.3,707206,受过伤害的人总是笑得最开心，因为他们不愿意让身边的人承受一样的痛苦,导演: 李濬益 Jun-ik Lee   主演: 薛景求 Kyung-gu Sol  严志媛 Ji-won Uhm ...2013  韩国  剧情
https://movie.douban.com/subject/1293182/,https://img3.doubanio.com/view/photo/s_ratio_poster/public/p2173577632.jpg,十二怒汉,  12 Angry Men,9.4,509451,1957年的理想主义 ,导演: Sidney Lumet   主演: 亨利·方达 Henry Fonda  马丁·鲍尔萨姆 Marti...1957  美国  剧情
https://movie.douban.com/subject/1308807/,https://img1.doubanio.com/view/photo/s_ratio_poster/public/p2174346180.jpg,哈尔的移动城堡,  ハウルの動く城,9.1,1058569,带着心爱的人在天空飞翔,导演: 宫崎骏 Hayao Miyazaki   主演: 倍赏千惠子 Chieko Baishô  木村拓...2004  日本  动画 奇幻 冒险
https://movie.douban.com/subject/3742360/,https://img3.doubanio.com/view/photo/s_ratio_poster/public/p1512562287.jpg,让子弹飞, ,9.0,1747108,你给我翻译翻译，神马叫做TMD的惊喜,导演: 姜文 Wen Jiang   主演: 姜文 Wen Jiang  葛优 You Ge  周润发 Yun-F...2010  中国大陆 中国香港  剧情 喜剧 动作 西部
https://movie.douban.com/subject/30170448/,https://img1.doubanio.com/view/photo/s_ratio_poster/public/p2555295759.jpg,何以为家,  كفرناحوم,9.1,1072946,凝视卑弱生命，用电影改变命运,导演: 娜丁·拉巴基 Nadine Labaki   主演: 扎因·拉费阿 Zain al-Rafeea  ...2018  黎巴嫩 美国 法国 塞浦路斯 卡塔尔 英国  剧情
https://movie.douban.com/subject/26387939/,https://img1.doubanio.com/view/photo/s_ratio_poster/public/p2401676338.jpg,摔跤吧！爸爸,  Dangal,9.0,1607103,你不是在为你一个人战斗，你要让千千万万的女性看到女生并不是只能相夫教子,导演: 涅提·蒂瓦里 Nitesh Tiwari   主演: 阿米尔·汗 Aamir Khan  法缇玛...2016  印度  剧情 传记 运动 家庭
https://movie.douban.com/subject/1305487/,https://img2.doubanio.com/view/photo/s_ratio_poster/public/p453924541.jpg,猫鼠游戏,  Catch Me If You Can,9.1,1066239,骗子大师和执著警探的你追我跑故事 ,导演: 史蒂文·斯皮尔伯格 Steven Spielberg   主演: 莱昂纳多·迪卡普里奥 L...2002  美国 加拿大  传记 犯罪 剧情
https://movie.douban.com/subject/1291583/,https://img1.doubanio.com/view/photo/s_ratio_poster/public/p2892380420.jpg,天空之城,  天空の城ラピュタ,9.2,904938,对天空的追逐，永不停止 ,导演: 宫崎骏 Hayao Miyazaki   主演: 田中真弓 Mayumi Tanaka  横泽启子 Ke...1986  日本  动画 奇幻 冒险
https://movie.douban.com/subject/1291858/,https://img1.doubanio.com/view/photo/s_ratio_poster/public/p2553104888.jpg,鬼子来了, ,9.3,645414,对敌人的仁慈，就是对自己残忍,导演: 姜文 Wen Jiang   主演: 姜文 Wen Jiang  香川照之 Teruyuki Kagawa ...2000  中国大陆  剧情 喜剧
https://movie.douban.com/subject/25958717/,https://img9.doubanio.com/view/photo/s_ratio_poster/public/p2554525534.jpg,海蒂和爷爷,  Heidi,9.3,650320,如果生活中有什么使你感到快乐，那就去做吧！不要管别人说什么,导演: 阿兰·葛斯彭纳 Alain Gsponer   主演: 阿努克·斯特芬 Anuk Steffen ...2015  德国 瑞士  剧情 冒险 家庭
https://movie.douban.com/subject/1929463/,https://img2.doubanio.com/view/photo/s_ratio_poster/public/p1784592701.jpg,少年派的奇幻漂流,  Life of Pi,9.1,1380945,瑰丽壮观、无人能及的冒险之旅,导演: 李安 Ang Lee   主演: 苏拉·沙玛 Suraj Sharma  伊尔凡·可汗 Irrfan...2012  美国 中国台湾 英国 加拿大  剧情 奇幻 冒险
https://movie.douban.com/subject/1296736/,https://img2.doubanio.com/view/photo/s_ratio_poster/public/p1381339291.jpg,钢琴家,  The Pianist,9.3,664811,音乐能化解仇恨,导演: 罗曼·波兰斯基 Roman Polanski   主演: 艾德里安·布洛迪 Adrien Brod...2002  英国 法国 波兰 德国  剧情 传记 战争 音乐
https://movie.douban.com/subject/1299398/,https://img3.doubanio.com/view/photo/s_ratio_poster/public/p2561721372.jpg,大话西游之月光宝盒,  西遊記第壹佰零壹回之月光寶盒,9.0,1251707,旷古烁今,导演: 刘镇伟 Jeffrey Lau   主演: 周星驰 Stephen Chow  吴孟达 Man Tat Ng...1995  中国香港 中国大陆  喜剧 爱情 奇幻 古装
https://movie.douban.com/subject/1291572/,https://img9.doubanio.com/view/photo/s_ratio_poster/public/p2640236255.jpg,指环王2：双塔奇兵,  The Lord of the Rings: The Two Towers,9.2,776251,承前启后的史诗篇章,导演: 彼得·杰克逊 Peter Jackson   主演: 伊利亚·伍德 Elijah Wood  西恩...2002  美国 新西兰  剧情 动作 奇幻 冒险
https://movie.douban.com/subject/1298624/,https://img1.doubanio.com/view/photo/s_ratio_poster/public/p2550757929.jpg,闻香识女人,  Scent of a Woman,9.1,916756,史上最美的探戈,导演: 马丁·布莱斯 Martin Brest   主演: 阿尔·帕西诺 Al Pacino  克里斯...1992  美国  剧情
https://movie.douban.com/subject/1291548/,https://img1.doubanio.com/view/photo/s_ratio_poster/public/p2575465690.jpg,死亡诗社,  Dead Poets Society,9.2,756176,当一个死水般的体制内出现一个活跃的变数时，所有的腐臭都站在了光明的对面,导演: 彼得·威尔 Peter Weir   主演: 罗宾·威廉姆斯 Robin Williams  罗伯...1989  美国  剧情
https://movie.douban.com/subject/27060077/,https://img2.doubanio.com/view/photo/s_ratio_poster/public/p2531065411.jpg,绿皮书,  Green Book,8.9,1701253,去除成见，需要勇气,导演: 彼得·法雷里 Peter Farrelly   主演: 维果·莫腾森 Viggo Mortensen ...2018  美国 中国大陆  剧情 喜剧 传记 音乐
https://movie.douban.com/subject/1293839/,https://img9.doubanio.com/view/photo/s_ratio_poster/public/p2189265085.jpg,罗马假日,  Roman Holiday,9.1,972354,爱情哪怕只有一天,导演: 威廉·惠勒 William Wyler   主演: 奥黛丽·赫本 Audrey Hepburn  格...1953  美国  喜剧 剧情 爱情
https://movie.douban.com/subject/1418019/,https://img3.doubanio.com/view/photo/s_ratio_poster/public/p2184505167.jpg,大闹天宫, ,9.4,453669,经典之作，历久弥新,导演: 万籁鸣 Laiming Wan   主演: 邱岳峰 Yuefeng Qiu  富润生 Runsheng Fu...1961(中国大陆)  1964(中国大陆)  1978(中国大陆)  中国大陆  剧情 动画 奇幻 古装
https://movie.douban.com/subject/1291828/,https://img1.doubanio.com/view/photo/s_ratio_poster/public/p2653054340.jpg,天堂电影院,  Nuovo Cinema Paradiso,9.2,693132,那些吻戏，那些青春，都在影院的黑暗里被泪水冲刷得无比清晰,导演: 朱塞佩·托纳多雷 Giuseppe Tornatore   主演: 菲利普·努瓦雷 Philipp...1988  意大利 法国  剧情 爱情
https://movie.douban.com/subject/1291571/,https://img9.doubanio.com/view/photo/s_ratio_poster/public/p2197698335.jpg,指环王1：护戒使者,  The Lord of the Rings: The Fellowship of the Ring,9.1,871868,传说的开始,导演: 彼得·杰克逊 Peter Jackson   主演: 伊利亚·伍德 Elijah Wood  西恩...2001  新西兰 美国  剧情 动作 奇幻 冒险
https://movie.douban.com/subject/1291843/,https://img1.doubanio.com/view/photo/s_ratio_poster/public/p451926968.jpg,黑客帝国,  The Matrix,9.1,860422,视觉革命,导演: 安迪·沃卓斯基 Andy Wachowski  拉娜·沃卓斯基 Lana Wachowski   主...1999  美国  动作 科幻
https://movie.douban.com/subject/1299131/,https://img3.doubanio.com/view/photo/s_ratio_poster/public/p2194138787.jpg,教父2,  The Godfather: Part II,9.3,570753,优雅的孤独,导演: 弗朗西斯·福特·科波拉 Francis Ford Coppola   主演: 阿尔·帕西诺 A...1974  美国  剧情 犯罪
https://movie.douban.com/subject/1301753/,https://img3.doubanio.com/view/photo/s_ratio_poster/public/p726659067.jpg,狮子王,  The Lion King,9.1,870287,动物版《哈姆雷特》,导演: Roger Allers  罗伯·明可夫 Rob Minkoff   主演: 乔纳森·泰勒·托马...1994  美国  动画 冒险 歌舞
https://movie.douban.com/subject/21937445/,https://img9.doubanio.com/view/photo/s_ratio_poster/public/p2158166535.jpg,辩护人,  변호인,9.2,603276,电影的现实意义大过电影本身,导演: 杨宇硕 Woo-seok Yang   主演: 宋康昊 Kang-ho Song  金英爱 Yeong-ae...2013  韩国  剧情
https://movie.douban.com/subject/1291818/,https://img2.doubanio.com/view/photo/s_ratio_poster/public/p1910899751.jpg,饮食男女,  飲食男女,9.2,641034,人生不能像做菜，把所有的料都准备好了才下锅,导演: 李安 Ang Lee   主演: 郎雄 Sihung Lung  杨贵媚 Kuei-Mei Yang  吴...1994  中国台湾 美国  剧情 家庭
https://movie.douban.com/subject/1292000/,https://img3.doubanio.com/view/photo/s_ratio_poster/public/p1910931622.jpg,搏击俱乐部,  Fight Club,9.0,870940,邪恶与平庸蛰伏于同一个母体，在特定的时间互相对峙,导演: 大卫·芬奇 David Fincher   主演: 爱德华·诺顿 Edward Norton  布拉...1999  美国  剧情 动作 悬疑 惊悚
https://movie.douban.com/subject/1485260/,https://img3.doubanio.com/view/photo/s_ratio_poster/public/p2192535722.jpg,本杰明·巴顿奇事,  The Curious Case of Benjamin Button,9.0,1011518,在时间之河里感受溺水之苦,导演: 大卫·芬奇 David Fincher   主演: 凯特·布兰切特 Cate Blanchett  ...2008  美国  剧情 爱情 奇幻
https://movie.douban.com/subject/1306029/,https://img1.doubanio.com/view/photo/s_ratio_poster/public/p1665997400.jpg,美丽心灵,  A Beautiful Mind,9.1,789205,爱是一切逻辑和原由,导演: 朗·霍华德 Ron Howard   主演: 罗素·克劳 Russell Crowe  艾德·哈...2001  美国  传记 剧情
https://movie.douban.com/subject/3008247/,https://img3.doubanio.com/view/photo/s_ratio_poster/public/p1473670352.jpg,穿条纹睡衣的男孩,  The Boy in the Striped Pajamas,9.2,583938,尽管有些不切实际的幻想，这部电影依旧是一部感人肺腑的佳作,导演: 马克·赫尔曼 Mark Herman   主演: 阿萨·巴特菲尔德 Asa Butterfield ...2008  英国 美国  剧情 战争
https://movie.douban.com/subject/1900841/,https://img1.doubanio.com/view/photo/s_ratio_poster/public/p1808872109.jpg,窃听风暴,  Das Leben der Anderen,9.2,579767,别样人生,导演: 弗洛里安·亨克尔·冯·多纳斯马尔克 Florian Henckel von Donnersmarck  &amp;n...2006  德国  剧情 悬疑
https://movie.douban.com/subject/1292220/,https://img1.doubanio.com/view/photo/s_ratio_poster/public/p2648230660.jpg,情书,  Love Letter,8.9,1152872,暗恋的极致,导演: 岩井俊二 Shunji Iwai   主演: 中山美穗 Miho Nakayama  丰川悦司 Ets...1995  日本  剧情 爱情
https://movie.douban.com/subject/1293350/,https://img1.doubanio.com/view/photo/s_ratio_poster/public/p792443418.jpg,两杆大烟枪,"  Lock, Stock and Two Smoking Barrels",9.1,611187,4个臭皮匠顶个诸葛亮，盖·里奇果然不是盖的,导演: 盖·里奇 Guy Ritchie   主演: 杰森·弗莱明 Jason Flemyng  德克斯特...1998  英国  剧情 喜剧 犯罪
https://movie.douban.com/subject/1292402/,https://img1.doubanio.com/view/photo/s_ratio_poster/public/p2441988159.jpg,西西里的美丽传说,  Malèna,8.9,1002232,美丽无罪,导演: 朱塞佩·托纳多雷 Giuseppe Tornatore   主演: 莫妮卡·贝鲁奇 Monica ...2000  意大利 美国  剧情 战争 情色
https://movie.douban.com/subject/1294408/,https://img3.doubanio.com/view/photo/s_ratio_poster/public/p453788577.jpg,音乐之声,  The Sound of Music,9.1,620461,用音乐化解仇恨，让歌声串起美好,导演: 罗伯特·怀斯 Robert Wise   主演: 朱莉·安德鲁斯 Julie Andrews  克...1965  美国  剧情 传记 爱情 歌舞
https://movie.douban.com/subject/26580232/,https://img9.doubanio.com/view/photo/s_ratio_poster/public/p2498971355.jpg,看不见的客人,  Contratiempo,8.8,1309805,你以为你以为的就是你以为的,导演: 奥里奥尔·保罗 Oriol Paulo   主演: 马里奥·卡萨斯 Mario Casas  阿...2016  西班牙  剧情 犯罪 悬疑 惊悚
https://movie.douban.com/subject/1652587/,https://img1.doubanio.com/view/photo/s_ratio_poster/public/p2180085848.jpg,阿凡达,  Avatar,8.8,1457447,绝对意义上的美轮美奂,导演: 詹姆斯·卡梅隆 James Cameron   主演: 萨姆·沃辛顿 Sam Worthington ...2009  美国  动作 科幻 冒险
https://movie.douban.com/subject/3011235/,https://img3.doubanio.com/view/photo/s_ratio_poster/public/p917846733.jpg,哈利·波特与死亡圣器(下),  Harry Potter and the Deathly Hallows: Part 2,9.0,860036,10年的完美句点,导演: 大卫·叶茨 David Yates   主演: 丹尼尔·雷德克里夫 Daniel Radcliffe...2011  美国 英国  奇幻 冒险
https://movie.douban.com/subject/1292849/,https://img9.doubanio.com/view/photo/s_ratio_poster/public/p1014542496.jpg,拯救大兵瑞恩,  Saving Private Ryan,9.1,664404,美利坚精神输出大片No1.,导演: 史蒂文·斯皮尔伯格 Steven Spielberg   主演: 汤姆·汉克斯 Tom Hanks...1998  美国  剧情 战争
https://movie.douban.com/subject/1292224/,https://img3.doubanio.com/view/photo/s_ratio_poster/public/p792238287.jpg,飞越疯人院,  One Flew Over the Cuckoo's Nest,9.1,560161,自由万岁,导演: 米洛斯·福尔曼 Miloš Forman   主演: 杰克·尼科尔森 Jack Nichols...1975  美国  剧情
https://movie.douban.com/subject/1303021/,https://img9.doubanio.com/view/photo/s_ratio_poster/public/p2165511465.jpg,小鞋子,  بچه های آسمان,9.2,422592,奔跑的孩子是天使,导演: 马基德·马基迪 Majid Majidi   主演: 默罕默德·阿米尔·纳吉 Mohamma...1997  伊朗  剧情 儿童 家庭
https://movie.douban.com/subject/1293544/,https://img3.doubanio.com/view/photo/s_ratio_poster/public/p1593414327.jpg,沉默的羔羊,  The Silence of the Lambs,8.9,917505,安东尼·霍普金斯的顶级表演,导演: 乔纳森·戴米 Jonathan Demme   主演: 朱迪·福斯特 Jodie Foster  安...1991  美国  剧情 犯罪 惊悚
https://movie.douban.com/subject/1291543/,https://img1.doubanio.com/view/photo/s_ratio_poster/public/p2219011938.jpg,功夫, ,8.8,1177068,警恶惩奸，维护世界和平这个任务就交给你了，好吗？,导演: 周星驰 Stephen Chow   主演: 周星驰 Stephen Chow  元秋 Qiu Yuen  ...2004  中国大陆 中国香港  动作 喜剧 犯罪 奇幻
https://movie.douban.com/subject/11525673/,https://img3.doubanio.com/view/photo/s_ratio_poster/public/p2183539003.jpg,布达佩斯大饭店,  The Grand Budapest Hotel,8.9,972397,小清新的故事里注入了大历史的情怀,导演: 韦斯·安德森 Wes Anderson   主演: 拉尔夫·费因斯 Ralph Fiennes  ...2014  美国 德国 英国  剧情 喜剧 冒险
https://movie.douban.com/subject/2334904/,https://img1.doubanio.com/view/photo/s_ratio_poster/public/p450262388.jpg,禁闭岛,  Shutter Island,8.9,1008360,昔日翩翩少年，今日大腹便便,导演: Martin Scorsese   主演: 莱昂纳多·迪卡普里奥 Leonardo DiCaprio  ...2010  美国  剧情 悬疑 惊悚
https://movie.douban.com/subject/1292343/,https://img1.doubanio.com/view/photo/s_ratio_poster/public/p2209066019.jpg,蝴蝶效应,  The Butterfly Effect,8.9,965780,人的命运被自己瞬间的抉择改变,导演: 埃里克·布雷斯 Eric Bress  J·麦基·格鲁伯 J. Mackye Gruber   主...2004  美国 加拿大  剧情 悬疑 科幻 惊悚
https://movie.douban.com/subject/1780330/,https://img9.doubanio.com/view/photo/s_ratio_poster/public/p480383375.jpg,致命魔术,  The Prestige,8.9,884781,孪生蝙蝠侠大战克隆金刚狼,导演: 克里斯托弗·诺兰 Christopher Nolan   主演: 休·杰克曼 Hugh Jackman...2006  英国 美国  剧情 悬疑 惊悚
https://movie.douban.com/subject/1291544/,https://img1.doubanio.com/view/photo/s_ratio_poster/public/p1910812549.jpg,哈利·波特与阿兹卡班的囚徒,  Harry Potter and the Prisoner of Azkaban,8.9,762006,不一样的导演，不一样的哈利·波特,导演: Alfonso Cuarón   主演: 丹尼尔·雷德克里夫 Daniel Radcliffe  Emma...2004  英国 美国  奇幻 冒险
https://movie.douban.com/subject/1292656/,https://img9.doubanio.com/view/photo/s_ratio_poster/public/p480965695.jpg,心灵捕手,  Good Will Hunting,8.9,737963,人生中应该拥有这样的一段豁然开朗,导演: 格斯·范·桑特 Gus Van Sant   主演: 马特·达蒙 Matt Damon  罗宾·...1997  美国  剧情
https://movie.douban.com/subject/5322596/,https://img2.doubanio.com/view/photo/s_ratio_poster/public/p1305562621.jpg,超脱,  Detachment,9.0,629090,穷尽一生，我们要学会的，不过是彼此拥抱,导演: 托尼·凯耶 Tony Kaye   主演: 艾德里安·布洛迪 Adrien Brody  马西...2011  美国  剧情
https://movie.douban.com/subject/1291832/,https://img3.doubanio.com/view/photo/s_ratio_poster/public/p1910902213.jpg,低俗小说,  Pulp Fiction,8.9,859902,故事的高级讲法,导演: 昆汀·塔伦蒂诺 Quentin Tarantino   主演: 约翰·特拉沃尔塔 John Tra...1994  美国  剧情 喜剧 犯罪
https://movie.douban.com/subject/3442220/,https://img1.doubanio.com/view/photo/s_ratio_poster/public/p2559579779.jpg,海豚湾,  The Cove,9.3,363205,海豚的微笑，是世界上最高明的伪装,导演: 路易·西霍尤斯 Louie Psihoyos   主演: 路易·西霍尤斯 Louie Psihoyo...2009  美国  纪录片
https://movie.douban.com/subject/1294371/,https://img1.doubanio.com/view/photo/s_ratio_poster/public/p2263408369.jpg,摩登时代,  Modern Times,9.3,311606,大时代中的人生，小人物的悲喜,导演: 查理·卓别林 Charles Chaplin   主演: 查理·卓别林 Charles Chaplin ...1936  美国  剧情 喜剧 爱情
https://movie.douban.com/subject/1292679/,https://img2.doubanio.com/view/photo/s_ratio_poster/public/p465939041.jpg,春光乍泄,  春光乍洩,9.0,650568,爱情纠缠，男女一致,导演: 王家卫 Kar Wai Wong   主演: 张国荣 Leslie Cheung  梁朝伟 Tony Leu...1997  中国香港 日本 韩国  剧情 爱情 同性
https://movie.douban.com/subject/1292262/,https://img3.doubanio.com/view/photo/s_ratio_poster/public/p477229647.jpg,美国往事,  Once Upon a Time in America,9.2,423798,往事如烟，无处祭奠,导演: 赛尔乔·莱翁内 Sergio Leone   主演: 罗伯特·德尼罗 Robert De Niro ...1984  美国 意大利  犯罪 剧情
https://movie.douban.com/subject/1302425/,https://img3.doubanio.com/view/photo/s_ratio_poster/public/p2579932167.jpg,喜剧之王,  喜劇之王,8.8,996666,我是一个演员,导演: 周星驰 Stephen Chow  李力持 Lik-Chi Lee   主演: 周星驰 Stephen Ch...1999  中国香港  喜剧 剧情 爱情
https://movie.douban.com/subject/1297192/,https://img9.doubanio.com/view/photo/s_ratio_poster/public/p2558364386.jpg,致命ID,  Identity,8.9,852227,最不可能的那个人永远是最可能的,导演: 詹姆斯·曼高德 James Mangold   主演: 约翰·库萨克 John Cusack  雷...2003  美国  剧情 悬疑 惊悚
https://movie.douban.com/subject/1300299/,https://img1.doubanio.com/view/photo/s_ratio_poster/public/p1633113220.jpg,杀人回忆,  살인의 추억,8.9,741342,关于连环杀人悬案的集体回忆,导演: 奉俊昊 Joon-ho Bong   主演: 宋康昊 Kang-ho Song  金相庆 Sang-kyun...2003  韩国  剧情 动作 犯罪 悬疑 惊悚
https://movie.douban.com/subject/1865703/,https://img1.doubanio.com/view/photo/s_ratio_poster/public/p456825720.jpg,红辣椒,  パプリカ,9.1,485756,梦的勾结,导演: 今敏 Satoshi Kon   主演: 林原惠美 Megumi Hayashibara  江守彻 Toru...2006  日本  动画 悬疑 科幻 惊悚
https://movie.douban.com/subject/1292223/,https://img9.doubanio.com/view/photo/s_ratio_poster/public/p2219586434.jpg,七宗罪,  Se7en,8.8,965907,警察抓小偷，老鼠玩死猫,导演: 大卫·芬奇 David Fincher   主演: 摩根·弗里曼 Morgan Freeman  布...1995  美国  剧情 犯罪 悬疑 惊悚
https://movie.douban.com/subject/1296996/,https://img1.doubanio.com/view/photo/s_ratio_poster/public/p1082651990.jpg,哈利·波特与密室,  Harry Potter and the Chamber of Secrets,8.9,789193,魔法的密室之门已打开...,导演: Chris Columbus   主演: 丹尼尔·雷德克里夫 Daniel Radcliffe  艾玛...2002  英国 美国  奇幻 冒险
https://movie.douban.com/subject/1298070/,https://img9.doubanio.com/view/photo/s_ratio_poster/public/p1596085504.jpg,加勒比海盗,  Pirates of the Caribbean: The Curse of the Black Pearl,8.8,884305,约翰尼·德普的独角戏,导演: 戈尔·维宾斯基 Gore Verbinski   主演: 约翰尼·德普 Johnny Depp  ...2003  美国  动作 冒险 奇幻
https://movie.douban.com/subject/1292434/,https://img3.doubanio.com/view/photo/s_ratio_poster/public/p2567845803.jpg,一一, ,9.1,413187,我们都曾经是一一,导演: 杨德昌 Edward Yang   主演: 吴念真  李凯莉 Kelly Lee  金燕玲 Elai...2000  中国台湾 日本  剧情 爱情 家庭
https://movie.douban.com/subject/6985810/,https://img3.doubanio.com/view/photo/s_ratio_poster/public/p1546987967.jpg,狩猎,  Jagten,9.1,406900,人言可畏,导演: 托马斯·温特伯格 Thomas Vinterberg   主演: 麦斯·米科尔森 Mads Mik...2012  丹麦 瑞典  剧情
https://movie.douban.com/subject/1306249/,https://img9.doubanio.com/view/photo/s_ratio_poster/public/p2357915564.jpg,唐伯虎点秋香,  唐伯虎點秋香,8.7,1111893,华太师是黄霑，吴镇宇四大才子之一,导演: 李力持 Lik-Chi Lee   主演: 周星驰 Stephen Chow  巩俐 Li Gong  陈...1993  中国香港  喜剧 爱情 古装
https://movie.douban.com/subject/10777687/,https://img9.doubanio.com/view/photo/s_ratio_poster/public/p1816276065.jpg,7号房的礼物,  7번방의 선물,8.9,572433,《我是山姆》的《美丽人生》,导演: 李焕庆 Hwan-kyeong Lee   主演: 柳承龙 Seung-yong Ryoo  朴信惠 Shi...2013  韩国  剧情 喜剧 家庭
https://movie.douban.com/subject/1787291/,https://img9.doubanio.com/view/photo/s_ratio_poster/public/p884763596.jpg,被嫌弃的松子的一生,  嫌われ松子の一生,8.9,719528,以戏谑来戏谑戏谑,导演: 中岛哲也 Tetsuya Nakashima   主演: 中谷美纪 Miki Nakatani  瑛太 E...2006  日本  剧情 歌舞
https://movie.douban.com/subject/3395373/,https://img9.doubanio.com/view/photo/s_ratio_poster/public/p1706428744.jpg,蝙蝠侠：黑暗骑士崛起,  The Dark Knight Rises,8.9,743957,诺兰就是保证,导演: 克里斯托弗·诺兰 Christopher Nolan   主演: 克里斯蒂安·贝尔 Christ...2012  美国 英国  剧情 动作 科幻 犯罪 惊悚
https://movie.douban.com/subject/26799731/,https://img1.doubanio.com/view/photo/s_ratio_poster/public/p2505525050.jpg,请以你的名字呼唤我,  Call Me by Your Name,8.8,744072,沉醉在电影的情感和视听氛围中无法自拔,导演: 卢卡·瓜达尼诺 Luca Guadagnino   主演: 艾米·汉莫 Armie Hammer  ...2017  意大利 法国 巴西 美国  剧情 爱情 同性
https://movie.douban.com/subject/1296339/,https://img9.doubanio.com/view/photo/s_ratio_poster/public/p2555762374.jpg,爱在黎明破晓前,  Before Sunrise,8.8,707958,缘分是个连绵词，最美不过一瞬,导演: 理查德·林克莱特 Richard Linklater   主演: 伊桑·霍克 Ethan Hawke ...1995  美国 奥地利 瑞士  剧情 爱情
https://movie.douban.com/subject/1418834/,https://img3.doubanio.com/view/photo/s_ratio_poster/public/p2604889017.jpg,断背山,  Brokeback Mountain,8.8,722714,每个人心中都有一座断背山,导演: 李安 Ang Lee   主演: 希斯·莱杰 Heath Ledger  杰克·吉伦哈尔 Jake...2005  美国 加拿大  剧情 爱情 同性 家庭
https://movie.douban.com/subject/1292370/,https://img3.doubanio.com/view/photo/s_ratio_poster/public/p480956937.jpg,剪刀手爱德华,  Edward Scissorhands,8.7,1056415,浪漫忧郁的成人童话,导演: 蒂姆·波顿 Tim Burton   主演: 约翰尼·德普 Johnny Depp  薇诺娜·...1990  美国  剧情 奇幻 爱情
https://movie.douban.com/subject/2149806/,https://img9.doubanio.com/view/photo/s_ratio_poster/public/p2707581855.jpg,入殓师,  おくりびと,8.9,685647,死可能是一道门，逝去并不是终结，而是超越，走向下一程,导演: 泷田洋二郎 Yôjirô Takita   主演: 本木雅弘 Masahiro Motoki  ...2008  日本  剧情
https://movie.douban.com/subject/1297630/,https://img9.doubanio.com/view/photo/s_ratio_poster/public/p2220184425.jpg,第六感,  The Sixth Sense,8.9,572914,深入内心的恐怖，出人意料的结局,导演: M·奈特·沙马兰 M. Night Shyamalan   主演: 布鲁斯·威利斯 Bruce Wi...1999  美国  剧情 悬疑 惊悚
https://movie.douban.com/subject/1291999/,https://img2.doubanio.com/view/photo/s_ratio_poster/public/p792381411.jpg,重庆森林,  重慶森林,8.8,836930,寂寞没有期限,导演: 王家卫 Kar Wai Wong   主演: 林青霞 Brigitte Lin  金城武 Takeshi K...1994  中国香港  剧情 爱情
https://movie.douban.com/subject/11026735/,https://img1.doubanio.com/view/photo/s_ratio_poster/public/p2224568669.jpg,超能陆战队,  Big Hero 6,8.7,1045314,Balalala~~~,导演: 唐·霍尔 Don Hall  克里斯·威廉姆斯 Chris Williams   主演: 斯科特...2014  美国  喜剧 动作 科幻 动画 冒险
https://movie.douban.com/subject/1305164/,https://img9.doubanio.com/view/photo/s_ratio_poster/public/p2223011274.jpg,甜蜜蜜, ,8.9,579023,相逢只要一瞬间，等待却像是一辈子,导演: 陈可辛 Peter Chan   主演: 黎明 Leon Lai  张曼玉 Maggie Cheung  ...1996  中国香港  剧情 爱情
https://movie.douban.com/subject/1294639/,https://img1.doubanio.com/view/photo/s_ratio_poster/public/p2004174709.jpg,勇敢的心,  Braveheart,8.9,568744,史诗大片的典范,导演: 梅尔·吉布森 Mel Gibson   主演: 梅尔·吉布森 Mel Gibson  苏菲·玛...1995  美国  动作 传记 剧情 历史 战争
https://movie.douban.com/subject/1297359/,https://img9.doubanio.com/view/photo/s_ratio_poster/public/p1613191025.jpg,幽灵公主,  もののけ姫,8.9,538395,人与自然的战争史诗,导演: 宫崎骏 Hayao Miyazaki   主演: 松田洋治 Yôji Matsuda  石田百合...1997  日本  动画 奇幻 冒险
https://movie.douban.com/subject/1291990/,https://img1.doubanio.com/view/photo/s_ratio_poster/public/p2561542458.jpg,爱在日落黄昏时,  Before Sunset,8.9,581543,九年后的重逢是世俗和责任的交叠，没了悸动和青涩，沧桑而温暖,导演: 理查德·林克莱特 Richard Linklater   主演: 伊桑·霍克 Ethan Hawke ...2004  美国 法国  剧情 爱情
https://movie.douban.com/subject/1293359/,https://img9.doubanio.com/view/photo/s_ratio_poster/public/p2620392435.jpg,菊次郎的夏天,  菊次郎の夏,8.9,612444,从没见过那么流氓的温柔，从没见过那么温柔的流氓,导演: 北野武 Takeshi Kitano   主演: 北野武 Takeshi Kitano  关口雄介 Yus...1999  日本  剧情 喜剧
https://movie.douban.com/subject/27010768/,https://img1.doubanio.com/view/photo/s_ratio_poster/public/p2561439800.jpg,寄生虫,  기생충,8.8,1409611, ,导演: 奉俊昊 Joon-ho Bong   主演: 宋康昊 Kang-ho Song  李善均 Seon-gyun...2019  韩国  剧情
https://movie.douban.com/subject/4202302/,https://img9.doubanio.com/view/photo/s_ratio_poster/public/p617533616.jpg,借东西的小人阿莉埃蒂,  借りぐらしのアリエッティ,8.9,569948,曾经的那段美好会沉淀为一辈子的记忆,导演: 米林宏昌 Hiromasa Yonebayashi   主演: 志田未来 Mirai Shida  神木...2010  日本  动画 奇幻 冒险
https://movie.douban.com/subject/21318488/,https://img9.doubanio.com/view/photo/s_ratio_poster/public/p2221768894.jpg,消失的爱人,  Gone Girl,8.7,984010,年度最佳date movie,导演: 大卫·芬奇 David Fincher   主演: 本·阿弗莱克 Ben Affleck  罗莎蒙...2014  美国  剧情 犯罪 悬疑 惊悚
https://movie.douban.com/subject/1291875/,https://img9.doubanio.com/view/photo/s_ratio_poster/public/p2564685215.jpg,阳光灿烂的日子, ,8.8,630258,一场华丽的意淫,导演: 姜文 Wen Jiang   主演: 夏雨 Yu Xia  宁静 Jing Ning  陶虹 Hong Tao1994  中国大陆 中国香港  剧情 爱情
https://movie.douban.com/subject/1292337/,https://img3.doubanio.com/view/photo/s_ratio_poster/public/p661160053.jpg,无人知晓,  誰も知らない,9.1,330933,我的平常生活就是他人的幸福,导演: 是枝裕和 Hirokazu Koreeda   主演: 柳乐优弥 Yûya Yagira  北浦爱...2004  日本  剧情
https://movie.douban.com/subject/1300992/,https://img1.doubanio.com/view/photo/s_ratio_poster/public/p2190556408.jpg,完美的世界,  A Perfect World,9.1,324957,坏人的好总是比好人的好来得更感人,导演: 克林特·伊斯特伍德 Clint Eastwood   主演: 凯文·科斯特纳 Kevin Cos...1993  美国  剧情 犯罪
https://movie.douban.com/subject/1292215/,https://img3.doubanio.com/view/photo/s_ratio_poster/public/p2447590313.jpg,天使爱美丽,  Le fabuleux destin d'Amélie Poulain,8.7,969241,法式小清新 ,导演: 让-皮埃尔·热内 Jean-Pierre Jeunet   主演: 奥黛丽·塔图 Audrey Tau...2001  法国 德国  剧情 喜剧 爱情
https://movie.douban.com/subject/1297447/,https://img9.doubanio.com/view/photo/s_ratio_poster/public/p2414157745.jpg,倩女幽魂, ,8.8,756661,两张绝世的脸 ,导演: 程小东 Siu-Tung Ching   主演: 张国荣 Leslie Cheung  王祖贤 Joey W...1987  中国香港  爱情 奇幻 武侠 古装
https://movie.douban.com/subject/25814705/,https://img3.doubanio.com/view/photo/s_ratio_poster/public/p2564498893.jpg,小森林 夏秋篇,  リトル・フォレスト 夏・秋,9.0,435839,那些静得只能听见呼吸的日子里，你明白孤独即生活,导演: 森淳一 Junichi Mori   主演: 桥本爱 Ai Hashimoto  三浦贵大 Takahir...2014  日本  剧情
https://movie.douban.com/subject/10577869/,https://img9.doubanio.com/view/photo/s_ratio_poster/public/p2070153774.jpg,时空恋旅人,  About Time,8.8,700492,把每天当作最后一天般珍惜度过，积极拥抱生活，就是幸福,导演: 理查德·柯蒂斯 Richard Curtis   主演: 多姆纳尔·格里森 Domhnall Gl...2013  英国  喜剧 爱情 奇幻
https://movie.douban.com/subject/1395091/,https://img3.doubanio.com/view/photo/s_ratio_poster/public/p1351050722.jpg,未麻的部屋,  Perfect Blue,9.1,353911,好的剧本是，就算你猜到了结局也猜不到全部,导演: 今敏 Satoshi Kon   主演: 岩男润子 Junko Iwao  松本梨香 Rica Matsu...1997  日本  动画 奇幻 惊悚
https://movie.douban.com/subject/1309055/,https://img9.doubanio.com/view/photo/s_ratio_poster/public/p735391084.jpg,哈利·波特与火焰杯,  Harry Potter and the Goblet of Fire,8.8,688826, ,导演: 迈克·内威尔 Mike Newell   主演: 丹尼尔·雷德克里夫 Daniel Radclif...2005  英国 美国  悬疑 奇幻 冒险
https://movie.douban.com/subject/1297052/,https://img3.doubanio.com/view/photo/s_ratio_poster/public/p456692072.jpg,侧耳倾听,  耳をすませば,8.9,475943,少女情怀总是诗,导演: 近藤喜文 Yoshifumi Kondo   主演: 本名阳子 Youko Honna  小林桂树 K...1995  日本  剧情 爱情 动画
https://movie.douban.com/subject/2353023/,https://img9.doubanio.com/view/photo/s_ratio_poster/public/p2210954024.jpg,驯龙高手,  How to Train Your Dragon,8.8,777502,和谐的生活离不开摸头与被摸头,导演: 迪恩·德布洛斯 Dean DeBlois  克里斯·桑德斯 Chris Sanders   主演:...2010  美国  动画 奇幻 冒险
https://movie.douban.com/subject/1292274/,https://img3.doubanio.com/view/photo/s_ratio_poster/public/p854757687.jpg,幸福终点站,  The Terminal,8.8,588139,有时候幸福需要等一等 ,导演: 史蒂文·斯皮尔伯格 Steven Spielberg   主演: 汤姆·汉克斯 Tom Hanks...2004  美国  喜剧 剧情 爱情
https://movie.douban.com/subject/26628357/,https://img3.doubanio.com/view/photo/s_ratio_poster/public/p2406624993.jpg,一个叫欧维的男人决定去死,  En man som heter Ove,8.9,502269,惠及一生的美丽,导演: 汉内斯·赫尔姆 Hannes Holm   主演: 罗夫·拉斯加德 Rolf Lassgård...2015  瑞典  剧情
https://movie.douban.com/subject/25814707/,https://img3.doubanio.com/view/photo/s_ratio_poster/public/p2618201652.jpg,小森林 冬春篇,  リトル・フォレスト 冬・春,9.0,388505,尊敬他人，尊敬你生活的这片土地，明白孤独是人生的常态,导演: 森淳一 Junichi Mori   主演: 桥本爱 Ai Hashimoto  三浦贵大 Takahir...2015  日本  剧情
https://movie.douban.com/subject/1291579/,https://img1.doubanio.com/view/photo/s_ratio_poster/public/p2513247938.jpg,怪兽电力公司,"  Monsters, Inc.",8.8,696018,不要给它起名字，起了名字就有感情了,导演: 彼特·道格特 Pete Docter  大卫·斯沃曼 David Silverman   主演: 约...2001  美国  儿童 喜剧 动画 奇幻 冒险
https://movie.douban.com/subject/1294240/,https://img2.doubanio.com/view/photo/s_ratio_poster/public/p2169664351.jpg,教父3,  The Godfather: Part III,9.0,386825,任何信念的力量，都无法改变命运,导演: 弗朗西斯·福特·科波拉 Francis Ford Coppola   主演: 阿尔·帕西诺 A...1990  美国  剧情 犯罪
https://movie.douban.com/subject/1858711/,https://img1.doubanio.com/view/photo/s_ratio_poster/public/p1283675359.jpg,玩具总动员3,  Toy Story 3,8.9,535452,跨度十五年的欢乐与泪水,导演: 李·昂克里奇 Lee Unkrich   主演: 汤姆·汉克斯 Tom Hanks  蒂姆·艾...2010  美国  喜剧 动画 奇幻 冒险
https://movie.douban.com/subject/1418200/,https://img1.doubanio.com/view/photo/s_ratio_poster/public/p2016401659.jpg,傲慢与偏见,  Pride &amp; Prejudice,8.7,827429,爱是摈弃傲慢与偏见之后的曙光,导演: 乔·怀特 Joe Wright   主演: 凯拉·奈特莉 Keira Knightley  马修·...2005  法国 英国 美国  剧情 爱情
https://movie.douban.com/subject/10437779/,https://img1.doubanio.com/view/photo/s_ratio_poster/public/p1903379979.jpg,新世界,  신세계,8.9,456875,要做就做得狠一点，这样才能活下去,导演: 朴勋政 Hoon-jung Park   主演: 李政宰 Jung-Jae Lee  崔岷植 Min-sik...2013  韩国  剧情 犯罪
https://movie.douban.com/subject/5989818/,https://img3.doubanio.com/view/photo/s_ratio_poster/public/p1675053073.jpg,萤火之森,  蛍火の杜へ,8.9,555888,触不到的恋人,导演: 大森贵弘 Takahiro Omori   主演: 佐仓绫音 Ayane Sakura  内山昂辉 K...2011  日本  剧情 爱情 动画 奇幻
https://movie.douban.com/subject/1461403/,https://img9.doubanio.com/view/photo/s_ratio_poster/public/p2528965424.jpg,茶馆, ,9.6,159347, ,导演: 谢添 Tian Xie   主演: 于是之 Shizhi Yu  郑榕 Rong Zhen  蓝天野 T...1982(中国大陆)  中国大陆  剧情 历史
https://movie.douban.com/subject/6307447/,https://img3.doubanio.com/view/photo/s_ratio_poster/public/p1800813767.jpg,被解救的姜戈,  Django Unchained,8.8,626754,热血沸腾，那个低俗、性感的无耻混蛋又来了,导演: 昆汀·塔伦蒂诺 Quentin Tarantino   主演: 杰米·福克斯 Jamie Foxx ...2012  美国  剧情 动作 西部 冒险
https://movie.douban.com/subject/25986180/,https://img1.doubanio.com/view/photo/s_ratio_poster/public/p2360940399.jpg,釜山行,  부산행,8.6,1232918,揭露人性的丧尸题材力作,导演: 延尚昊 Sang-ho Yeon   主演: 孔侑 Yoo Gong  郑有美 Yu-mi Jung  马...2016  韩国  动作 惊悚 灾难
https://movie.douban.com/subject/3287562/,https://img1.doubanio.com/view/photo/s_ratio_poster/public/p792776858.jpg,神偷奶爸,  Despicable Me,8.7,969373,Mr. I Don't Care其实也有Care的时候,导演: 皮艾尔·柯芬 Pierre Coffin  克里斯·雷纳德 Chris Renaud   主演: ...2010  美国 法国  喜剧 动画 冒险
https://movie.douban.com/subject/4268598/,https://img9.doubanio.com/view/photo/s_ratio_poster/public/p689520756.jpg,告白, ,8.8,686758,没有一人完全善，也没有一人完全恶,导演: 中岛哲也 Tetsuya Nakashima   主演: 松隆子 Takako Matsu  冈田将生 ...2010  日本  剧情 悬疑
https://movie.douban.com/subject/1307315/,https://img9.doubanio.com/view/photo/s_ratio_poster/public/p2532803206.jpg,哪吒闹海, ,9.2,268129,想你时你在闹海,导演: 王树忱 Shuchen Wang  严定宪 Dingxian Yan   主演: 梁正晖 Zhenghui ...1979  中国大陆  冒险 动画 奇幻
https://movie.douban.com/subject/3072124/,https://img9.doubanio.com/view/photo/s_ratio_poster/public/p488255145.jpg,玛丽和马克思,  Mary and Max,9.0,428751,你是我最好的朋友，你是我唯一的朋友 ,导演: 亚当·艾略特 Adam Elliot   主演: 托妮·科莱特 Toni Collette  菲利...2009  澳大利亚 美国  剧情 喜剧 动画
https://movie.douban.com/subject/1828115/,https://img9.doubanio.com/view/photo/s_ratio_poster/public/p453716305.jpg,色，戒, ,8.7,844779,假戏真情，爱欲深海,导演: 李安 Ang Lee   主演: 梁朝伟 Tony Leung Chiu Wai  汤唯 Wei Tang  ...2007  中国台湾 中国大陆 美国 中国香港  剧情 爱情 情色
https://movie.douban.com/subject/1297518/,https://img1.doubanio.com/view/photo/s_ratio_poster/public/p648370300.jpg,九品芝麻官, ,8.7,705634, ,导演: 王晶 Jing Wong   主演: 周星驰 Stephen Chow  吴孟达 Man Tat Ng  ...1994  中国香港 中国大陆  剧情 喜剧 古装
https://movie.douban.com/subject/1291545/,https://img9.doubanio.com/view/photo/s_ratio_poster/public/p692813374.jpg,大鱼,  Big Fish,8.8,582136,抱着梦想而活着的人是幸福的，怀抱梦想而死去的人是不朽的,导演: 蒂姆·波顿 Tim Burton   主演: 伊万·麦克格雷格 Ewan McGregor  阿...2003  美国  剧情 家庭 奇幻 冒险
https://movie.douban.com/subject/1303037/,https://img3.doubanio.com/view/photo/s_ratio_poster/public/p2249048907.jpg,喜宴,  囍宴,9.0,377273,中国家庭的喜怒哀乐忍,导演: 李安 Ang Lee   主演: 赵文瑄 Winston Chao  归亚蕾 Ya-lei Kuei  郎...1993  中国台湾 美国  剧情 喜剧 爱情 同性 家庭
https://movie.douban.com/subject/10463953/,https://img3.doubanio.com/view/photo/s_ratio_poster/public/p2255040492.jpg,模仿游戏,  The Imitation Game,8.8,665300,他给机器起名“克里斯托弗”，因为这是他初恋的名字,导演: 莫滕·泰杜姆 Morten Tyldum   主演: 本尼迪克特·康伯巴奇 Benedict C...2014  英国 美国  剧情 传记 战争 同性
https://movie.douban.com/subject/4920389/,https://img3.doubanio.com/view/photo/s_ratio_poster/public/p2516578307.jpg,头号玩家,  Ready Player One,8.6,1400586,写给影迷，动漫迷和游戏迷的一封情书,导演: 史蒂文·斯皮尔伯格 Steven Spielberg   主演: 泰伊·谢里丹 Tye Sheri...2018  美国  动作 科幻 冒险
https://movie.douban.com/subject/1291557/,https://img9.doubanio.com/view/photo/s_ratio_poster/public/p1910828286.jpg,花样年华,  花樣年華,8.8,632289,偷情本没有这样美,导演: 王家卫 Kar Wai Wong   主演: 梁朝伟 Tony Leung Chiu Wai  张曼玉 Ma...2000  中国香港  剧情 爱情
https://movie.douban.com/subject/1316510/,https://img3.doubanio.com/view/photo/s_ratio_poster/public/p2609063922.jpg,射雕英雄传之东成西就,  射鵰英雄傳之東成西就,8.7,656204,百看不厌 ,导演: 刘镇伟 Jeffrey Lau   主演: 梁朝伟 Tony Leung Chiu Wai  林青霞 Bri...1993  中国香港  喜剧 奇幻 武侠 古装
https://movie.douban.com/subject/10533913/,https://img9.doubanio.com/view/photo/s_ratio_poster/public/p2231021196.jpg,头脑特工队,  Inside Out,8.8,638300,愿我们都不用长大，每一座城堡都能永远存在,导演: 彼特·道格特 Pete Docter  罗纳尔多·德尔·卡门 Ronaldo Del Carmen  &amp;nb...2015  美国  喜剧 动画 冒险
https://movie.douban.com/subject/1306861/,https://img9.doubanio.com/view/photo/s_ratio_poster/public/p652417775.jpg,我是山姆,  I Am Sam,9.0,347250,爱并不需要智商 ,导演: 杰茜·尼尔森 Jessie Nelson   主演: Sean Penn  Dakota Fanning  Mi...2001  美国  剧情 家庭
https://movie.douban.com/subject/4917726/,https://img3.doubanio.com/view/photo/s_ratio_poster/public/p1374786017.jpg,阳光姐妹淘,  써니,8.8,600578,再多各自牛逼的时光，也比不上一起傻逼的岁月 ,导演: 姜炯哲 Hyeong-Cheol Kang   主演: 沈恩京 Eun-kyung Shim  闵孝琳 Hy...2011  韩国  剧情 喜剧
https://movie.douban.com/subject/1295399/,https://img9.doubanio.com/view/photo/s_ratio_poster/public/p2215886505.jpg,七武士,  七人の侍,9.3,204805,时代悲歌,导演: 黑泽明 Akira Kurosawa   主演: 三船敏郎 Toshirô Mifune  志村乔 ...1954  日本  动作 冒险 剧情
https://movie.douban.com/subject/26325320/,https://img1.doubanio.com/view/photo/s_ratio_poster/public/p2398141939.jpg,血战钢锯岭,  Hacksaw Ridge,8.7,799787,优秀的战争片不会美化战场，不会粉饰死亡，不会矮化敌人，不会无视常识，最重要的，不会宣扬战争,导演: 梅尔·吉布森 Mel Gibson   主演: 安德鲁·加菲尔德 Andrew Garfield ...2016  澳大利亚 美国  剧情 传记 历史 战争
https://movie.douban.com/subject/21360417/,https://img9.doubanio.com/view/photo/s_ratio_poster/public/p2016930906.jpg,恐怖直播,  더 테러 라이브,8.7,670282,恐怖分子的“秋菊打官司”,导演: 金秉祐 Byeong-woo Kim   主演: 河正宇 Jung-woo Ha  李璟荣 Kyeong-y...2013  韩国  剧情 犯罪 悬疑
https://movie.douban.com/subject/1293181/,https://img9.doubanio.com/view/photo/s_ratio_poster/public/p1021883305.jpg,惊魂记,  Psycho,9.0,308262,故事的反转与反转，分裂电影的始祖,导演: 阿尔弗雷德·希区柯克 Alfred Hitchcock   主演: 安东尼·博金斯 Antho...1960  美国  悬疑 惊悚 恐怖
https://movie.douban.com/subject/1302467/,https://img1.doubanio.com/view/photo/s_ratio_poster/public/p443461818.jpg,黑客帝国3：矩阵革命,  The Matrix Revolutions,8.8,458074,不得不说，《黑客帝国》系列是商业片与科幻、哲学完美结合的典范,导演: 拉娜·沃卓斯基 Lana Wachowski  莉莉·沃卓斯基 Lilly Wachowski   ...2003  美国  动作 科幻
https://movie.douban.com/subject/26683290/,https://img3.doubanio.com/view/photo/s_ratio_poster/public/p2395733377.jpg,你的名字。,  君の名は。,8.5,1444992,穿越错位的时空，仰望陨落的星辰，你没留下你的名字，我却无法忘记那句“我爱你”,导演: 新海诚 Makoto Shinkai   主演: 神木隆之介 Ryûnosuke Kamiki  上...2016  日本  剧情 爱情 动画
https://movie.douban.com/subject/26611804/,https://img9.doubanio.com/view/photo/s_ratio_poster/public/p2502943384.jpg,三块广告牌,"  Three Billboards Outside Ebbing, Missouri",8.7,843361,怼天怼地，你走后，她与世界为敌,导演: 马丁·麦克唐纳 Martin McDonagh   主演: 弗兰西斯·麦克多蒙德 France...2017  英国 美国  剧情 犯罪
https://movie.douban.com/subject/1417598/,https://img9.doubanio.com/view/photo/s_ratio_poster/public/p726839485.jpg,电锯惊魂,  Saw,8.7,552230,真相就在眼前,导演: 詹姆斯·温 James Wan   主演: 雷·沃纳尔 Leigh Whannell  加利·艾...2004  美国  悬疑 惊悚 恐怖
https://movie.douban.com/subject/1793929/,https://img3.doubanio.com/view/photo/s_ratio_poster/public/p2166160837.jpg,达拉斯买家俱乐部,  Dallas Buyers Club,8.8,464220,Jared Leto的腿比女人还美！,导演: 让-马克·瓦雷 Jean-Marc Vallée   主演: 马修·麦康纳 Matthew McCon...2013  美国  剧情 传记 同性
https://movie.douban.com/subject/25917973/,https://img9.doubanio.com/view/photo/s_ratio_poster/public/p2276780256.jpg,心迷宫, ,8.7,542473,荒诞讽刺，千奇百巧，抽丝剥茧，百转千回,导演: 忻钰坤 Yukun Xin   主演: 霍卫民 Weimin Huo  王笑天 Xiaotian Wang ...2014  中国大陆  剧情 犯罪 悬疑
https://movie.douban.com/subject/1907966/,https://img3.doubanio.com/view/photo/s_ratio_poster/public/p1867084027.jpg,疯狂原始人,  The Croods,8.7,858507,老少皆宜，这就是好莱坞动画的魅力,导演: 科克·德·米科 Kirk De Micco  克里斯·桑德斯 Chris Sanders   主演...2013  美国  喜剧 动画 冒险
https://movie.douban.com/subject/1578507/,https://img3.doubanio.com/view/photo/s_ratio_poster/public/p792223507.jpg,谍影重重3,  The Bourne Ultimatum,8.8,429960,像吃了苏打饼一样干脆的电影,导演: 保罗·格林格拉斯 Paul Greengrass   主演: 马特·达蒙 Matt Damon  ...2007  美国 德国 法国 英国  动作 悬疑 惊悚
https://movie.douban.com/subject/1297574/,https://img3.doubanio.com/view/photo/s_ratio_poster/public/p2504997087.jpg,英雄本色, ,8.6,556286,英雄泪短，兄弟情长 ,导演: 吴宇森 John Woo   主演: 周润发 Yun-Fat Chow  狄龙 Lung Ti  张国...1986  中国香港  剧情 动作 犯罪
https://movie.douban.com/subject/1292208/,https://img1.doubanio.com/view/photo/s_ratio_poster/public/p455677490.jpg,上帝之城,  Cidade de Deus,9.0,307725,被上帝抛弃了的上帝之城,导演: 费尔南多·梅里尔斯 Fernando Meirelles  卡迪亚·兰德 Kátia Lund  &amp;nbsp...2002  巴西 法国  犯罪 剧情
https://movie.douban.com/subject/1291585/,https://img3.doubanio.com/view/photo/s_ratio_poster/public/p1917567652.jpg,风之谷,  風の谷のナウシカ,8.9,362571,动画片的圣经,导演: 宫崎骏 Hayao Miyazaki   主演: 岛本须美 Sumi Shimamoto  松田洋治 Y...1984  日本  动画 奇幻 冒险
https://movie.douban.com/subject/10808442/,https://img1.doubanio.com/view/photo/s_ratio_poster/public/p2074715729.jpg,爱在午夜降临前,  Before Midnight,8.9,417908,所谓爱情，就是话唠一路，都不会心生腻烦，彼此嫌弃,导演: 理查德·林克莱特 Richard Linklater   主演: 伊桑·霍克 Ethan Hawke ...2013  美国 希腊  剧情 爱情
https://movie.douban.com/subject/1300374/,https://img2.doubanio.com/view/photo/s_ratio_poster/public/p767586451.jpg,绿里奇迹,  The Green Mile,8.9,343936,天使暂时离开,导演: 弗兰克·德拉邦特 Frank Darabont   主演: 汤姆·汉克斯 Tom Hanks  ...1999  美国  犯罪 剧情 奇幻 悬疑
https://movie.douban.com/subject/25895901/,https://img3.doubanio.com/view/photo/s_ratio_poster/public/p2603364117.jpg,海街日记,  海街diary,8.8,463478,是枝裕和的家庭习作,导演: 是枝裕和 Hirokazu Koreeda   主演: 绫濑遥 Haruka Ayase  长泽雅美 M...2015  日本  剧情 家庭
https://movie.douban.com/subject/1295409/,https://img1.doubanio.com/view/photo/s_ratio_poster/public/p2597918718.jpg,纵横四海,  緃横四海,8.8,437525,香港浪漫主义警匪动作片的巅峰之作,导演: 吴宇森 John Woo   主演: 周润发 Yun-Fat Chow  张国荣 Leslie Cheung...1991  中国香港  剧情 喜剧 动作 犯罪
https://movie.douban.com/subject/27119724/,https://img9.doubanio.com/view/photo/s_ratio_poster/public/p2567198874.jpg,小丑,  Joker,8.7,1034426, ,导演: 托德·菲利普斯 Todd Phillips   主演: 杰昆·菲尼克斯 Joaquin Phoeni...2019  美国 加拿大  剧情 犯罪 惊悚
https://movie.douban.com/subject/1291822/,https://img3.doubanio.com/view/photo/s_ratio_poster/public/p470419493.jpg,卢旺达饭店,  Hotel Rwanda,8.9,338714,当这个世界闭上双眼，他却敞开了怀抱,导演: 特瑞·乔治 Terry George   主演: 唐·钱德尔 Don Cheadle  苏菲·奥...2004  英国 南非 意大利 美国  剧情 传记 历史 战争
https://movie.douban.com/subject/1307856/,https://img3.doubanio.com/view/photo/s_ratio_poster/public/p2505048077.jpg,背靠背，脸对脸, ,9.5,142793, ,导演: 黄建新 Jianxin Huang  杨亚洲 Yazhou Yang   主演: 牛振华 Zhenhua N...1994  中国大陆 中国香港  剧情
https://movie.douban.com/subject/1304447/,https://img3.doubanio.com/view/photo/s_ratio_poster/public/p641688453.jpg,记忆碎片,  Memento,8.7,619344,一个针管引发的血案,导演: 克里斯托弗·诺兰 Christopher Nolan   主演: 盖·皮尔斯 Guy Pearce ...2000  美国  犯罪 剧情 悬疑 惊悚
https://movie.douban.com/subject/24733428/,https://img1.doubanio.com/view/photo/s_ratio_poster/public/p2595591069.jpg,心灵奇旅,  Soul,8.7,1017157, ,导演: 彼特·道格特 Pete Docter  凯普·鲍尔斯 Kemp Powers   主演: 杰米·...2020  美国  动画 奇幻 音乐
https://movie.douban.com/subject/1862151/,https://img3.doubanio.com/view/photo/s_ratio_poster/public/p712241453.jpg,疯狂的石头, ,8.6,846371,中国版《两杆大烟枪》,导演: 宁浩 Hao Ning   主演: 郭涛 Tao Guo  刘桦 Hua Liu  连晋 Teddy Lin2006  中国大陆 中国香港  喜剧 犯罪
https://movie.douban.com/subject/1293460/,https://img9.doubanio.com/view/photo/s_ratio_poster/public/p1612355875.jpg,雨中曲,  Singin' in the Rain,9.1,234901,骨灰级歌舞片,导演: 斯坦利·多南 Stanley Donen  吉恩·凯利 Gene Kelly   主演: 吉恩·...1952  美国  喜剧 歌舞 爱情
https://movie.douban.com/subject/1292226/,https://img9.doubanio.com/view/photo/s_ratio_poster/public/p2560717825.jpg,2001太空漫游,  2001: A Space Odyssey,8.9,343971,现代科幻电影的开山之作，最伟大导演的最伟大影片,导演: 斯坦利·库布里克 Stanley Kubrick   主演: 凯尔·杜拉 Keir Dullea  ...1968  英国 美国  科幻 惊悚 冒险
https://movie.douban.com/subject/1307106/,https://img1.doubanio.com/view/photo/s_ratio_poster/public/p958008320.jpg,无间道2,  無間道II,8.7,496746, ,导演: 刘伟强  麦兆辉   主演: 陈冠希 Edison Chen  余文乐 Shawn Yue  曾...2003  中国香港  剧情 犯罪 惊悚
https://movie.douban.com/subject/3792799/,https://img2.doubanio.com/view/photo/s_ratio_poster/public/p456666151.jpg,岁月神偷,  歲月神偷,8.7,583332,岁月流逝，来日可追,导演: 罗启锐 Alex Law   主演: 吴君如 Sandra Ng  任达华 Simon Yam  钟绍...2010  中国香港 中国大陆  剧情 家庭
https://movie.douban.com/subject/1959195/,https://img9.doubanio.com/view/photo/s_ratio_poster/public/p2603716224.jpg,忠犬八公物语,  ハチ公物語,9.2,201103,养狗三日，便会对你终其一生,导演: 神山征二郎 Seijirô Kôyama   主演: 仲代达矢 Tatsuya Nakadai ...1987  日本  剧情
https://movie.douban.com/subject/27622447/,https://img9.doubanio.com/view/photo/s_ratio_poster/public/p2530599636.jpg,小偷家族,  万引き家族,8.7,830953,我们组成了家,导演: 是枝裕和 Hirokazu Koreeda   主演: 中川雅也 Lily Franky  安藤樱 Sa...2018  日本  剧情 犯罪 家庭
https://movie.douban.com/subject/24750126/,https://img3.doubanio.com/view/photo/s_ratio_poster/public/p2584519452.jpg,荒蛮故事,  Relatos salvajes,8.8,455147,始于荒诞，止于更荒诞,导演: 达米安·斯兹弗隆 Damián Szifron   主演: 达里奥·葛兰帝内提 Darío...2014  阿根廷 西班牙  剧情 喜剧 犯罪
https://movie.douban.com/subject/6534248/,https://img9.doubanio.com/view/photo/s_ratio_poster/public/p1735642656.jpg,无敌破坏王,  Wreck-It Ralph,8.7,557731,迪士尼和皮克斯拿错剧本的产物,导演: 瑞奇·莫尔 Rich Moore   主演: 约翰·C·赖利 John C. Reilly  萨拉...2012  美国  喜剧 动画 奇幻 冒险
https://movie.douban.com/subject/25773932/,https://img3.doubanio.com/view/photo/s_ratio_poster/public/p2220776342.jpg,爆裂鼓手,  Whiplash,8.7,606388,这个世界从不善待努力的人，努力了也不一定会成功，但是知道自己在努力，就是活下去的动力,导演: 达米恩·查泽雷 Damien Chazelle   主演: 迈尔斯·特勒 Miles Teller ...2014  美国  剧情 音乐
https://movie.douban.com/subject/1291578/,https://img1.doubanio.com/view/photo/s_ratio_poster/public/p1910895719.jpg,冰川时代,  Ice Age,8.6,632791,松鼠才是角儿,导演: 卡洛斯·沙尔丹哈 Carlos Saldanha  克里斯·韦奇 Chris Wedge   主演...2002  美国  喜剧 动画 冒险
https://movie.douban.com/subject/3011051/,https://img9.doubanio.com/view/photo/s_ratio_poster/public/p462470694.jpg,恐怖游轮,  Triangle,8.5,892433,不要企图在重复中寻找已经失去的爱,导演: 克里斯托弗·史密斯 Christopher Smith   主演: 梅利莎·乔治 Melissa ...2009  英国 澳大利亚  剧情 悬疑 惊悚
https://movie.douban.com/subject/1292329/,https://img9.doubanio.com/view/photo/s_ratio_poster/public/p848381236.jpg,牯岭街少年杀人事件,  牯嶺街少年殺人事件,8.9,313639,弱者送给弱者的一刀,导演: 杨德昌 Edward Yang   主演: 张震 Chen Chang  杨静怡 Lisa Yang  张...1991  中国台湾  剧情 犯罪
https://movie.douban.com/subject/2209573/,https://img1.doubanio.com/view/photo/s_ratio_poster/public/p2434249040.jpg,贫民窟的百万富翁,  Slumdog Millionaire,8.6,760136,上帝之城+猜火车+阿甘正传+开心辞典=山寨富翁,导演: 丹尼·鲍尔 Danny Boyle  洛芙琳·坦丹 Loveleen Tandan   主演: 戴夫...2008  英国  剧情 爱情
https://movie.douban.com/subject/1310177/,https://img1.doubanio.com/view/photo/s_ratio_poster/public/p456703618.jpg,东京教父,  東京ゴッドファーザーズ,9.0,243939, ,导演: 今敏 Satoshi Kon   主演: 江守彻 Toru Emori  梅垣义明 Yoshiaki Ume...2003  日本  剧情 喜剧 动画
https://movie.douban.com/subject/1292328/,https://img3.doubanio.com/view/photo/s_ratio_poster/public/p1982176012.jpg,东邪西毒,  東邪西毒,8.6,590105,电影诗,导演: 王家卫 Kar Wai Wong   主演: 张国荣 Leslie Cheung  林青霞 Brigitte...1994  中国香港 中国台湾  剧情 动作 爱情 武侠 古装
https://movie.douban.com/subject/1307811/,https://img3.doubanio.com/view/photo/s_ratio_poster/public/p456676352.jpg,魔女宅急便,  魔女の宅急便,8.7,472778,宫崎骏的电影总让人感觉世界是美好的，阳光明媚的,导演: 宫崎骏 Hayao Miyazaki   主演: 高山南 Minami Takayama  佐久间玲 Re...1989  日本  动画 奇幻 冒险
https://movie.douban.com/subject/1867345/,https://img3.doubanio.com/view/photo/s_ratio_poster/public/p2676812053.jpg,遗愿清单,  The Bucket List,8.7,478808,用剩余不多的时间，去燃烧整个生命,导演: 罗伯·莱纳 Rob Reiner   主演: 杰克·尼科尔森 Jack Nicholson  摩根...2007  美国  冒险 喜剧 剧情
https://movie.douban.com/subject/27059130/,https://img3.doubanio.com/view/photo/s_ratio_poster/public/p2505928032.jpg,大佛普拉斯, ,8.7,477777,人们可以登上月球，却永远无法探索人们内心的宇宙,导演: 黄信尧 Hsin-yao Huang   主演: 庄益增 Yizeng Zhuang  陈竹昇 Chu-sh...2017  中国台湾  剧情 喜剧
https://movie.douban.com/subject/4848115/,https://img3.doubanio.com/view/photo/s_ratio_poster/public/p709670262.jpg,你看起来好像很好吃,  おまえうまそうだな,8.9,342304,感情不分食草或者食肉,导演: 藤森雅也 Masaya Fujimori   主演: 山口胜平 Kappei Yamaguchi  爱河...2010  日本  剧情 动画 儿童
https://movie.douban.com/subject/1308857/,https://img9.doubanio.com/view/photo/s_ratio_poster/public/p2363208684.jpg,可可西里, ,8.9,312028,坚硬的信仰,导演: 陆川 Chuan Lu   主演: 多布杰 Duobujie  张磊 Lei Zhang  亓亮 Qi L...2004  中国大陆 中国香港  剧情 犯罪
https://movie.douban.com/subject/1978709/,https://img9.doubanio.com/view/photo/s_ratio_poster/public/p2549648344.jpg,黑天鹅,  Black Swan,8.6,795895,黑暗之美,导演: 达伦·阿罗诺夫斯基 Darren Aronofsky   主演: 娜塔莉·波特曼 Natalie...2010  美国  剧情 惊悚
https://movie.douban.com/subject/1293908/,https://img1.doubanio.com/view/photo/s_ratio_poster/public/p2170238828.jpg,城市之光,  City Lights,9.3,152493,永远的小人物，伟大的卓别林,导演: Charles Chaplin   主演: 查理·卓别林 Charles Chaplin  弗吉尼亚·...1931  美国  喜剧 剧情 爱情
https://movie.douban.com/subject/3075287/,https://img9.doubanio.com/view/photo/s_ratio_poster/public/p988260245.jpg,源代码,  Source Code,8.5,854651,邓肯·琼斯继《月球》之后再度奉献出一部精彩绝伦的科幻佳作,导演: 邓肯·琼斯 Duncan Jones   主演: 杰克·吉伦哈尔 Jake Gyllenhaal  ...2011  美国 加拿大  科幻 悬疑 惊悚
https://movie.douban.com/subject/1292401/,https://img1.doubanio.com/view/photo/s_ratio_poster/public/p475600770.jpg,真爱至上,  Love Actually,8.5,754049,爱，是个动词,导演: 理查德·柯蒂斯 Richard Curtis   主演: 休·格兰特 Hugh Grant  连姆...2003  英国 美国 法国  喜剧 剧情 爱情
https://movie.douban.com/subject/25980443/,https://img9.doubanio.com/view/photo/s_ratio_poster/public/p2421855655.jpg,海边的曼彻斯特,  Manchester by the Sea,8.6,566769,我们都有权利不与自己的过去和解,导演: 肯尼斯·罗纳根 Kenneth Lonergan   主演: 卡西·阿弗莱克 Casey Affle...2016  美国  剧情 家庭
https://movie.douban.com/subject/1291992/,https://img9.doubanio.com/view/photo/s_ratio_poster/public/p1910924635.jpg,末路狂花,  Thelma &amp; Louise,8.9,274010,没有了退路，只好飞向自由,导演: 雷德利·斯科特 Ridley Scott   主演: 吉娜·戴维斯 Geena Davis  苏...1991  美国 英国 法国  犯罪 剧情 惊悚
https://movie.douban.com/subject/5300054/,https://img3.doubanio.com/view/photo/s_ratio_poster/public/p2549558913.jpg,波西米亚狂想曲,  Bohemian Rhapsody,8.6,624182, ,导演: 布莱恩·辛格 Bryan Singer   主演: 拉米·马雷克 Rami Malek  本·哈...2018  英国 美国  剧情 传记 同性 音乐
https://movie.douban.com/subject/1291870/,https://img3.doubanio.com/view/photo/s_ratio_poster/public/p2353324612.jpg,雨人,  Rain Man,8.7,412926,生活在自己的世界里，也可以让周围的人显得可笑和渺小,导演: 巴瑞·莱文森 Barry Levinson   主演: 达斯汀·霍夫曼 Dustin Hoffman ...1988  美国  剧情
https://movie.douban.com/subject/4739952/,https://img3.doubanio.com/view/photo/s_ratio_poster/public/p1505312273.jpg,初恋这件小事,  สิ่งเล็กเล็กที่เรียกว่า...รัก,8.5,996001,黑小鸭速效美白记,导演: 普特鹏·普罗萨卡·那·萨克那卡林 Puttipong Promsaka Na Sakolnakorn  华森·波克彭...2010  泰国  剧情 喜剧 爱情
https://movie.douban.com/subject/1303394/,https://img3.doubanio.com/view/photo/s_ratio_poster/public/p2570901292.jpg,青蛇, ,8.6,541446,人生如此，浮生如斯谁人言，花彼岸，此生情长意短谁都是不懂爱的罢了,导演: 徐克 Hark Tsui   主演: 张曼玉 Maggie Cheung  王祖贤 Joey Wang  ...1993  中国香港 中国大陆  剧情 爱情 奇幻 古装
https://movie.douban.com/subject/1302827/,https://img3.doubanio.com/view/photo/s_ratio_poster/public/p792257137.jpg,人工智能,  A.I. Artificial Intelligence,8.7,458604,对爱的执着，可以超越一切,导演: 史蒂文·斯皮尔伯格 Steven Spielberg   主演: 海利·乔·奥斯蒙 Haley...2001  美国 英国  剧情 科幻
https://movie.douban.com/subject/1309163/,https://img9.doubanio.com/view/photo/s_ratio_poster/public/p483604864.jpg,恋恋笔记本,  The Notebook,8.5,689424,爱情没有那么多借口，如果不能圆满，只能说明爱的不够 ,导演: 尼克·卡索维茨 Nick Cassavetes   主演: 瑞恩·高斯林 Ryan Gosling ...2004  美国  剧情 爱情
https://movie.douban.com/subject/1296909/,https://img3.doubanio.com/view/photo/s_ratio_poster/public/p2399597512.jpg,虎口脱险,  La grande vadrouille,8.9,265700,永远看不腻的喜剧,导演: 杰拉尔·乌里 Gérard Oury   主演: 路易·德·菲耐斯 Louis de Funès...1966  法国 英国  喜剧 战争
https://movie.douban.com/subject/3592854/,https://img3.doubanio.com/view/photo/s_ratio_poster/public/p2236181653.jpg,疯狂的麦克斯4：狂暴之路,  Mad Max: Fury Road,8.7,545527,“多么美好的一天！”轰轰轰砰咚，啪哒哒哒轰隆隆，磅~,导演: 乔治·米勒 George Miller   主演: 汤姆·哈迪 Tom Hardy  查理兹·塞...2015  澳大利亚 美国  动作 科幻 冒险
https://movie.douban.com/subject/1291844/,https://img9.doubanio.com/view/photo/s_ratio_poster/public/p1910909085.jpg,终结者2：审判日,  Terminator 2: Judgment Day,8.8,350352,少见的超越首部的续集，动作片中的经典,导演: 詹姆斯·卡梅隆 James Cameron   主演: 阿诺·施瓦辛格 Arnold Schwarz...1991  美国 法国  动作 科幻
https://movie.douban.com/subject/25934014/,https://img3.doubanio.com/view/photo/s_ratio_poster/public/p2901102612.jpg,爱乐之城,  La La Land,8.4,968264, ,导演: 达米恩·查泽雷 Damien Chazelle   主演: 瑞恩·高斯林 Ryan Gosling ...2016  美国  剧情 爱情 歌舞
https://movie.douban.com/subject/1291879/,https://img2.doubanio.com/view/photo/s_ratio_poster/public/p1598883511.jpg,罗生门,  羅生門,8.8,324174,人生的N种可能性,导演: 黑泽明 Akira Kurosawa   主演: 三船敏郎 Toshirô Mifune  京町子 ...1950  日本  剧情 犯罪 悬疑
https://movie.douban.com/subject/1292287/,https://img1.doubanio.com/view/photo/s_ratio_poster/public/p1421018669.jpg,新龙门客栈,  新龍門客棧,8.7,457894,嬉笑怒骂，调风动月,导演: 李惠民 Raymond Lee   主演: 张曼玉 Maggie Cheung  林青霞 Brigitte ...1992  中国香港 中国大陆  动作 爱情 武侠 古装
https://movie.douban.com/subject/1297880/,https://img9.doubanio.com/view/photo/s_ratio_poster/public/p2174804034.jpg,芙蓉镇, ,9.3,150091, ,导演: 谢晋 Jin Xie   主演: 刘晓庆 Xiaoqing Liu  姜文 Wen Jiang  郑在石...1987  中国大陆  剧情 爱情
https://movie.douban.com/subject/1438652/,https://img3.doubanio.com/view/photo/s_ratio_poster/public/p1086394013.jpg,无耻混蛋,  Inglourious Basterds,8.7,494255,昆汀同学越来越变态了，比北野武还杜琪峰,导演: 昆汀·塔伦蒂诺 Quentin Tarantino   主演: 布拉德·皮特 Brad Pitt  ...2009  德国 美国  剧情 犯罪
https://movie.douban.com/subject/1300117/,https://img9.doubanio.com/view/photo/s_ratio_poster/public/p2195672555.jpg,千钧一发,  Gattaca,8.8,310775,一部能引人思考的科幻励志片,导演: 安德鲁·尼科尔 Andrew Niccol   主演: 伊桑·霍克 Ethan Hawke  乌玛...1997  美国  剧情 科幻 惊悚
https://movie.douban.com/subject/1959877/,https://img1.doubanio.com/view/photo/s_ratio_poster/public/p2627847859.jpg,崖上的波妞,  崖の上のポニョ,8.6,514744, ,导演: 宫崎骏 Hayao Miyazaki   主演: 奈良柚莉爱 Yuria Nara  土井洋辉 Hir...2008  日本  动画 奇幻 冒险
https://movie.douban.com/subject/34874432/,https://img3.doubanio.com/view/photo/s_ratio_poster/public/p2868462052.jpg,花束般的恋爱,  花束みたいな恋をした,8.6,665229, ,导演: 土井裕泰 Nobuhiro Doi   主演: 菅田将晖 Masaki Suda  有村架纯 Kasu...2021  日本  剧情 爱情
https://movie.douban.com/subject/1293318/,https://img1.doubanio.com/view/photo/s_ratio_poster/public/p2237136718.jpg,萤火虫之墓,  火垂るの墓,8.7,411957,幸福是生生不息，却难以触及的远 ,导演: 高畑勋 Isao Takahata   主演: 辰己努  白石绫乃  志乃原良子1988  日本  动画 剧情 战争
https://movie.douban.com/subject/25807345/,https://img9.doubanio.com/view/photo/s_ratio_poster/public/p2187896734.jpg,彗星来的那一夜,  Coherence,8.6,602785,小成本大魅力,导演: 詹姆斯·沃德·布柯特 James Ward Byrkit   主演: 艾米丽·芭尔多尼 Em...2013  美国 英国  科幻 悬疑 惊悚
https://movie.douban.com/subject/2051007/,https://img9.doubanio.com/view/photo/s_ratio_poster/public/p721429854.jpg,哈利·波特与死亡圣器(上),  Harry Potter and the Deathly Hallows: Part 1,8.5,600143,最忠于原著的一部,导演: 大卫·叶茨 David Yates   主演: 丹尼尔·雷德克里夫 Daniel Radcliffe...2010  英国 美国  奇幻 冒险
https://movie.douban.com/subject/26787574/,https://img1.doubanio.com/view/photo/s_ratio_poster/public/p2507709428.jpg,奇迹男孩,  Wonder,8.6,562736,世界不完美，爱会有奇迹,导演: 斯蒂芬·卓博斯基 Stephen Chbosky   主演: 雅各布·特伦布莱 Jacob Tr...2017  美国 中国香港  剧情 儿童 家庭
https://movie.douban.com/subject/1304141/,https://img1.doubanio.com/view/photo/s_ratio_poster/public/p443461390.jpg,黑客帝国2：重装上阵,  The Matrix Reloaded,8.7,416768,一个精彩的世界观正在缓缓建立,导演: 拉娜·沃卓斯基 Lana Wachowski  莉莉·沃卓斯基 Lilly Wachowski   ...2003  美国  动作 科幻
https://movie.douban.com/subject/26430107/,https://img3.doubanio.com/view/photo/s_ratio_poster/public/p2457609817.jpg,二十二, ,8.7,297285,有一些东西不应该被遗忘,导演: 郭柯 Ke Guo   主演: 2015  中国大陆  纪录片
https://movie.douban.com/subject/25864085/,https://img1.doubanio.com/view/photo/s_ratio_poster/public/p2250098990.jpg,火星救援,  The Martian,8.5,753693, ,导演: 雷德利·斯科特 Ridley Scott   主演: 马特·达蒙 Matt Damon  杰西卡...2015  英国 美国 匈牙利 约旦  剧情 科幻 冒险
https://movie.douban.com/subject/1428175/,https://img3.doubanio.com/view/photo/s_ratio_poster/public/p1244017073.jpg,血钻,  Blood Diamond,8.7,390072,每个美丽事物背后都是滴血的现实,导演: 爱德华·兹威克 Edward Zwick   主演: 莱昂纳多·迪卡普里奥 Leonardo ...2006  美国 德国 英国  剧情 惊悚 冒险
https://movie.douban.com/subject/1419936/,https://img2.doubanio.com/view/photo/s_ratio_poster/public/p792282381.jpg,战争之王,  Lord of War,8.7,378939,做一颗让别人需要你的棋子,导演: 安德鲁·尼科尔 Andrew Niccol   主演: 尼古拉斯·凯奇 Nicolas Cage ...2005  美国 德国  剧情 犯罪
https://movie.douban.com/subject/2222996/,https://img1.doubanio.com/view/photo/s_ratio_poster/public/p2375245718.jpg,步履不停,  歩いても 歩いても,8.8,288164,日本的家庭电影已经是世界巅峰了，步履不停是巅峰中的佳作,导演: 是枝裕和 Hirokazu Koreeda   主演: 阿部宽 Hiroshi Abe  夏川结衣 Yu...2008  日本  剧情 家庭
https://movie.douban.com/subject/2133323/,https://img2.doubanio.com/view/photo/s_ratio_poster/public/p2160195181.jpg,白日梦想家,  The Secret Life of Walter Mitty,8.6,516703, ,导演: 本·斯蒂勒 Ben Stiller   主演: 本·斯蒂勒 Ben Stiller  克里斯汀·...2013  美国 英国  剧情 喜剧 冒险
https://movie.douban.com/subject/25724855/,https://img9.doubanio.com/view/photo/s_ratio_poster/public/p2259715855.jpg,房间,  Room,8.8,375269,被偷走的岁月，被伤害的生命，被禁锢的灵魂，终将被希望和善意救赎,导演: 伦尼·阿伯拉罕森 Lenny Abrahamson   主演: 布丽·拉尔森 Brie Larson...2015  爱尔兰 加拿大 英国 美国  剧情 家庭
https://movie.douban.com/subject/1293964/,https://img1.doubanio.com/view/photo/s_ratio_poster/public/p2351134499.jpg,魂断蓝桥,  Waterloo Bridge,8.8,286060,中国式内在的美国电影,导演: 茂文·勒鲁瓦 Mervyn LeRoy   主演: 费雯·丽 Vivien Leigh  罗伯特·...1940  美国  剧情 爱情 战争
https://movie.douban.com/subject/1307394/,https://img9.doubanio.com/view/photo/s_ratio_poster/public/p2215102596.jpg,千年女优,  千年女優,8.8,279356,爱情是一场没有尽头的虚幻追逐,导演: 今敏 Satoshi Kon   主演: 庄司美代子 Miyoko Shôji  小山茉美 Mam...2001  日本  动画 剧情 爱情
https://movie.douban.com/subject/1308767/,https://img9.doubanio.com/view/photo/s_ratio_poster/public/p667644866.jpg,谍影重重2,  The Bourne Supremacy,8.7,363062,谁说王家卫镜头很晃？,导演: 保罗·格林格拉斯 Paul Greengrass   主演: 马特·达蒙 Matt Damon  ...2004  美国 德国  动作 悬疑 惊悚
https://movie.douban.com/subject/1422283/,https://img1.doubanio.com/view/photo/s_ratio_poster/public/p2319879389.jpg,高山下的花环, ,9.5,99119, ,导演: 谢晋 Jin Xie   主演: 吕晓禾 Xiaohe Lü  唐国强 Guoqiang Tang  何...1984(中国大陆)  1985  中国大陆  剧情 战争
https://movie.douban.com/subject/1457217/,https://img1.doubanio.com/view/photo/s_ratio_poster/public/p443403700.jpg,哈利·波特与凤凰社,  Harry Potter and the Order of the Phoenix,8.5,595082, ,导演: 大卫·叶茨 David Yates   主演: 丹尼尔·雷德克里夫 Daniel Radcliffe...2007  英国 美国  奇幻 冒险
https://movie.douban.com/subject/26374197/,https://img1.doubanio.com/view/photo/s_ratio_poster/public/p2535851348.jpg,蜘蛛侠：平行宇宙,  Spider-Man: Into the Spider-Verse,8.6,688630, ,导演: 鲍勃·佩尔西凯蒂 Bob Persichetti  彼得·拉姆齐 Peter Ramsey   主...2018  美国  动作 科幻 动画 冒险
https://movie.douban.com/subject/3552028/,https://img3.doubanio.com/view/photo/s_ratio_poster/public/p2577248102.jpg,弱点,  The Blind Side,8.7,320726,拍掉身上的悲伤，从今天开始重新踏上追梦之旅,导演: 约翰·李·汉考克 John Lee Hancock   主演: 桑德拉·布洛克 Sandra Bu...2009  美国  剧情 家庭 传记 运动
https://movie.douban.com/subject/1304102/,https://img2.doubanio.com/view/photo/s_ratio_poster/public/p1597183981.jpg,谍影重重,  The Bourne Identity,8.6,440649,哗啦啦啦啦，天在下雨，哗啦啦啦啦，云在哭泣……找自己,导演: 道格·里曼 Doug Liman   主演: 马特·达蒙 Matt Damon  弗兰卡·波坦...2002  美国 德国 捷克  动作 悬疑 惊悚
https://movie.douban.com/subject/1293323/,https://img3.doubanio.com/view/photo/s_ratio_poster/public/p1254404823.jpg,大红灯笼高高挂, ,8.8,292378, ,导演: 张艺谋 Yimou Zhang   主演: 巩俐 Li Gong  马精武 Jingwu Ma  何赛...1991  中国大陆 中国香港 中国台湾  剧情
https://movie.douban.com/subject/1305690/,https://img3.doubanio.com/view/photo/s_ratio_poster/public/p2525770523.jpg,阿飞正传,  阿飛正傳,8.5,525283,王家卫是一种风格，张国荣是一个代表,导演: 王家卫 Kar Wai Wong   主演: 张国荣 Leslie Cheung  张曼玉 Maggie C...1990  中国香港  犯罪 剧情 爱情
https://movie.douban.com/subject/2213597/,https://img1.doubanio.com/view/photo/s_ratio_poster/public/p1140984198.jpg,朗读者,  The Reader,8.6,461702,当爱情跨越年龄的界限，它似乎能变得更久远一点，成为一种责任，一种水到渠成的相濡以沫 ,导演: 史蒂芬·戴德利 Stephen Daldry   主演: 凯特·温丝莱特 Kate Winslet ...2008  美国 德国  剧情 爱情
https://movie.douban.com/subject/6874403/,https://img3.doubanio.com/view/photo/s_ratio_poster/public/p2250287733.jpg,再次出发之纽约遇见你,  Begin Again,8.6,437667,爱我就给我看你的播放列表,导演: 约翰·卡尼 John Carney   主演: 凯拉·奈特莉 Keira Knightley  马克...2013  美国  喜剧 爱情 音乐
https://movie.douban.com/subject/1295865/,https://img9.doubanio.com/view/photo/s_ratio_poster/public/p2797313535.jpg,燃情岁月,  Legends of the Fall,8.7,294049,传奇，不是每个人都可以拥有,导演: 爱德华·兹威克 Edward Zwick   主演: 布拉德·皮特 Brad Pitt  安东...1994  美国  剧情 爱情 战争 西部
